"Date","Price","Open","High","Low","Vol.","Change %"
"03/15/2023","61.850","62.200","62.200","61.850","1.19K","0.00%"
"03/14/2023","61.850","61.950","61.950","61.850","68.01K","-0.16%"
"03/13/2023","61.950","62.150","62.200","61.900","241.88K","-0.40%"
"03/10/2023","62.200","61.950","62.200","61.950","31.03K","0.40%"
"03/09/2023","61.950","61.950","62.000","61.950","6.35K","0.00%"
"03/08/2023","61.950","61.950","62.400","61.900","51.07K","-0.08%"
"03/07/2023","62.000","62.500","62.500","62.000","2.98K","-1.27%"
"03/06/2023","62.800","61.900","62.900","61.900","7.32K","1.45%"
"03/03/2023","61.900","61.850","62.900","61.850","25.46K","0.08%"
"03/02/2023","61.850","61.850","61.900","61.850","12.96K","0.00%"
"03/01/2023","61.850","61.900","61.900","61.850","1.54K","0.00%"
"02/28/2023","61.850","62.000","62.000","61.850","50.46K","-1.20%"
"02/27/2023","62.600","62.500","63.000","62.500","1.15K","0.16%"
"02/24/2023","62.500","61.900","63.000","61.900","4.53K","0.00%"
"02/23/2023","62.500","61.900","63.000","61.900","4.53K","0.97%"
"02/22/2023","61.900","61.950","61.950","61.900","11.12K","-0.08%"
"02/21/2023","61.950","63.200","63.200","61.950","256.81K","0.00%"
"02/20/2023","61.950","62.050","62.050","61.900","12.49K","-0.16%"
"02/17/2023","62.050","62.800","62.800","62.050","108.43K","-1.19%"
"02/16/2023","62.800","62.750","63.000","62.750","19.09K","-0.24%"
"02/15/2023","62.950","63.000","63.000","62.750","12.12K","0.32%"
"02/14/2023","62.750","62.900","63.000","62.750","11.64K","-0.08%"
"02/13/2023","62.800","63.000","63.000","62.800","79.58K","0.00%"
"02/10/2023","62.800","63.000","63.100","62.800","17.84K","-0.16%"
"02/09/2023","62.900","63.000","64.500","62.900","84.82K","-0.16%"
"02/08/2023","63.000","64.500","64.500","62.950","4.30K","0.08%"
"02/07/2023","62.950","63.200","63.200","62.950","53.24K","0.00%"
"02/06/2023","62.950","63.100","63.100","62.900","29.92K","0.00%"
"02/03/2023","62.950","62.900","63.000","62.900","17.23K","0.08%"
"02/02/2023","62.900","63.100","63.250","62.900","103.15K","-0.32%"
"02/01/2023","63.100","64.500","64.500","63.000","9.12K","0.16%"
"01/31/2023","63.000","63.050","63.550","63.000","14.56K","0.00%"
"01/27/2023","63.000","63.150","63.200","63.000","19.26K","-0.24%"
"01/26/2023","63.150","64.500","64.500","63.100","9.42K","-2.09%"
"01/25/2023","64.500","64.550","65.800","64.400","37.73K","0.00%"
"01/24/2023","64.500","64.500","65.000","63.150","21.47K","2.14%"
"01/23/2023","63.150","63.050","64.500","63.050","7.02K","0.24%"
"01/20/2023","63.000","64.500","64.500","63.000","0.46K","0.16%"
"01/19/2023","62.900","62.550","63.450","62.550","2.36K","0.56%"
"01/18/2023","62.550","64.400","64.500","62.300","3.04K","-2.27%"
"01/17/2023","64.000","64.000","64.500","62.250","5.44K","2.24%"
"01/16/2023","62.600","62.100","64.300","62.100","24.38K","0.56%"
"01/13/2023","62.250","62.800","64.000","61.200","38.17K","0.24%"
"01/12/2023","62.100","62.050","62.100","62.000","25.43K","1.72%"
"01/11/2023","61.050","61.000","62.000","61.000","23.07K","0.08%"
"01/10/2023","61.000","60.900","61.900","60.800","17.45K","0.16%"
"01/09/2023","60.900","60.600","61.000","60.600","5.19K","0.50%"
"01/06/2023","60.600","60.500","60.700","60.250","10.71K","0.92%"
"01/05/2023","60.050","61.000","61.000","60.000","24.83K","0.08%"
"01/04/2023","60.000","60.350","60.400","60.000","33.60K","-0.50%"
"01/03/2023","60.300","60.500","60.500","59.500","38.43K","-0.41%"
"12/29/2022","60.550","60.900","60.900","60.550","2.67K","-0.57%"
"12/28/2022","60.900","60.550","60.900","60.550","2.40K","-0.08%"
"12/27/2022","60.950","61.000","61.000","60.950","0.35K","0.74%"
"12/23/2022","60.500","61.000","61.000","60.500","1.16K","0.00%"
"12/22/2022","60.500","60.800","60.800","60.500","5.51K","0.50%"
"12/21/2022","60.200","60.450","61.600","60.200","7.17K","-0.41%"
"12/20/2022","60.450","61.900","61.900","60.450","5.65K","-1.55%"
"12/19/2022","61.400","60.100","61.900","60.100","3.68K","2.16%"
"12/16/2022","60.100","60.050","60.100","60.050","10.02K","0.08%"
"12/15/2022","60.050","60.400","60.400","60.000","7.47K","-0.58%"
"12/14/2022","60.400","60.650","60.850","60.400","11.83K","-1.63%"
"12/13/2022","61.400","61.500","61.500","60.650","6.09K","1.24%"
"12/12/2022","60.650","61.750","61.750","60.650","3.24K","-0.16%"
"12/09/2022","60.750","60.750","60.750","60.750","8.22K","-1.86%"
"12/07/2022","61.900","60.800","62.000","60.650","7.78K","1.81%"
"12/06/2022","60.800","61.900","62.300","60.000","4.02M","-1.78%"
"12/05/2022","61.900","62.450","62.450","61.800","11.28K","0.16%"
"12/02/2022","61.800","62.000","62.850","61.750","7.43K","-0.32%"
"12/01/2022","62.000","62.400","62.400","61.500","1.81K","0.57%"
"11/29/2022","61.650","61.500","62.000","61.500","2.59K","-0.56%"
"11/28/2022","62.000","62.850","62.850","61.500","1.86K","-0.80%"
"11/25/2022","62.500","62.000","62.500","60.800","25.68K","0.81%"
"11/24/2022","62.000","62.300","62.300","61.000","13.35K","-0.48%"
"11/23/2022","62.300","59.900","65.850","59.800","70.58K","4.18%"
"11/22/2022","59.800","61.950","62.400","58.000","69.87K","-2.29%"
"11/21/2022","61.200","61.200","62.700","61.200","11.73K","0.08%"
"11/18/2022","61.150","61.100","62.700","61.100","2.27K","0.00%"
"11/17/2022","61.150","61.250","61.250","61.000","42.45K","-0.16%"
"11/16/2022","61.250","62.950","62.950","61.000","4.85K","-2.70%"
"11/15/2022","62.950","60.050","63.000","60.050","7.21K","4.83%"
"11/14/2022","60.050","60.000","60.050","60.000","6.72K","0.25%"
"11/11/2022","59.900","59.900","60.500","59.900","9.88K","0.00%"
"11/10/2022","59.900","60.000","60.000","59.850","10.47K","-0.17%"
"11/09/2022","60.000","61.000","61.500","60.000","5.44K","0.33%"
"11/08/2022","59.800","61.500","61.500","59.800","47.92K","-0.99%"
"11/07/2022","60.400","60.400","61.900","60.400","7.76K","0.00%"
"11/04/2022","60.400","60.400","60.400","60.400","0.69K","0.00%"
"11/03/2022","60.400","60.550","60.550","60.400","4.07K","-0.25%"
"11/02/2022","60.550","61.900","61.900","60.400","0.96K","0.00%"
"10/27/2022","60.550","61.000","61.900","60.550","5.89K","0.75%"
"10/26/2022","60.100","61.900","61.900","60.050","6.88K","-2.91%"
"10/25/2022","61.900","60.050","61.900","60.050","1.62K","3.00%"
"10/24/2022","60.100","60.000","63.000","60.000","3.66K","0.00%"
"10/21/2022","60.100","60.150","60.150","60.100","25.11K","-0.08%"
"10/20/2022","60.150","60.300","60.300","60.150","21.11K","-0.08%"
"10/19/2022","60.200","60.250","60.500","60.200","2.47K","-1.31%"
"10/18/2022","61.000","63.000","63.000","61.000","0.61K","-3.17%"
"10/17/2022","63.000","60.150","63.000","60.150","1.78K","4.74%"
"10/14/2022","60.150","60.100","61.000","60.100","2.24K","0.08%"
"10/13/2022","60.100","60.100","61.000","60.100","0.45K","0.00%"
"10/12/2022","60.100","60.100","61.000","60.100","1.07K","-0.17%"
"10/11/2022","60.200","60.200","61.000","60.100","3.03K","0.00%"
"10/10/2022","60.200","62.000","62.000","60.100","23.80K","0.00%"
"10/07/2022","60.200","60.000","60.400","60.000","16.35K","0.25%"
"10/06/2022","60.050","61.000","61.100","60.050","50.11K","-1.56%"
"10/05/2022","61.000","61.350","61.350","61.000","15.11K","-0.16%"
"10/04/2022","61.100","61.300","61.300","61.000","8.28K","-0.33%"
"10/03/2022","61.300","61.500","61.550","61.300","50.08K","-0.33%"
"09/30/2022","61.500","62.000","62.000","61.500","21.40K","-0.81%"
"09/29/2022","62.000","62.050","62.050","61.500","74.77K","-0.08%"
"09/28/2022","62.050","62.050","62.050","62.050","3.15K","-1.51%"
"09/27/2022","63.000","63.200","63.200","62.000","65.84K","-0.32%"
"09/23/2022","63.200","63.200","63.250","63.150","18.55K","0.08%"
"09/22/2022","63.150","63.700","63.700","63.150","23.51K","-0.86%"
"09/21/2022","63.700","64.000","64.000","63.700","23.95K","-0.47%"
"09/20/2022","64.000","64.000","64.000","63.800","7.71K","0.00%"
"09/19/2022","64.000","65.000","65.000","64.000","10.92K","0.00%"
"09/16/2022","64.000","64.900","64.900","63.800","6.00K","0.31%"
"09/15/2022","63.800","64.900","64.900","63.700","29.81K","-0.31%"
"09/14/2022","64.000","64.000","64.000","63.700","10.18K","0.00%"
"09/13/2022","64.000","63.500","65.000","63.500","6.43K","0.00%"
"09/12/2022","64.000","63.500","64.500","63.500","2.15K","0.79%"
"09/09/2022","63.500","64.500","64.500","63.500","31.46K","-0.78%"
"09/08/2022","64.000","64.300","64.500","64.000","17.53K","-0.47%"
"09/07/2022","64.300","65.000","65.000","64.300","0.76K","-0.23%"
"09/06/2022","64.450","64.500","64.500","64.450","15.12K","-0.08%"
"09/05/2022","64.500","64.650","64.650","64.500","17.05K","-0.15%"
"09/02/2022","64.600","65.250","65.250","64.600","6.56K","-1.00%"
"09/01/2022","65.250","65.250","65.550","65.000","3.95K","-0.53%"
"08/31/2022","65.600","65.700","65.800","64.500","3.19K","0.54%"
"08/30/2022","65.250","65.800","65.800","65.250","3.01K","-0.84%"
"08/26/2022","65.800","65.800","65.800","65.800","5.74K","1.62%"
"08/25/2022","64.750","66.000","66.000","64.750","4.74K","0.15%"
"08/24/2022","64.650","64.650","65.500","64.650","3.18K","0.00%"
"08/23/2022","64.650","65.500","65.500","64.650","1.95K","-0.54%"
"08/22/2022","65.000","65.000","65.000","64.900","6.85K","-1.52%"
"08/19/2022","66.000","65.000","66.000","64.650","14.13K","2.09%"
"08/18/2022","64.650","66.000","66.000","64.500","5.92K","-2.34%"
"08/17/2022","66.200","64.500","66.200","64.500","22.21K","1.53%"
"08/16/2022","65.200","64.500","66.000","64.500","12.58K","1.09%"
"08/15/2022","64.500","64.000","65.000","64.000","10.29K","0.00%"
"08/12/2022","64.500","64.000","64.950","64.000","21.67K","0.78%"
"08/11/2022","64.000","64.000","64.000","63.000","3.89K","0.31%"
"08/10/2022","63.800","63.800","63.800","63.800","9.57K","0.00%"
"08/09/2022","63.800","63.800","63.800","63.600","0.46K","-0.31%"
"08/08/2022","64.000","64.000","64.000","63.000","7.30K","0.00%"
"08/05/2022","64.000","64.000","64.000","64.000","0.46K","0.00%"
"08/04/2022","64.000","64.000","64.000","63.200","35.13K","1.43%"
"08/03/2022","63.100","64.950","64.950","63.000","25.49K","-2.85%"
"08/02/2022","64.950","66.000","66.000","64.000","8.06K","0.70%"
"08/01/2022","64.500","64.950","65.000","64.000","2.87K","0.00%"
"07/29/2022","64.500","64.500","64.950","64.500","1.43K","-0.69%"
"07/28/2022","64.950","64.900","64.950","64.900","2.27K","0.15%"
"07/27/2022","64.850","64.800","64.850","64.800","8.33K","0.00%"
"07/26/2022","64.850","65.000","65.000","64.000","3.77K","1.33%"
"07/25/2022","64.000","64.000","65.000","64.000","2.74K","1.59%"
"07/22/2022","63.000","64.000","64.000","63.000","21.44K","-1.56%"
"07/21/2022","64.000","62.900","64.000","61.200","38.96K","1.75%"
"07/20/2022","62.900","61.200","62.900","61.000","15.71K","3.11%"
"07/19/2022","61.000","61.150","62.000","61.000","15.30K","-0.25%"
"07/18/2022","61.150","62.900","62.900","61.100","3.74K","-2.16%"
"07/15/2022","62.500","62.900","62.900","61.500","2.45K","-0.64%"
"07/14/2022","62.900","61.000","62.900","61.000","7.90K","3.11%"
"07/13/2022","61.000","61.000","62.000","61.000","1.83K","-0.33%"
"07/12/2022","61.200","62.800","62.800","61.000","0.85K","0.33%"
"07/11/2022","61.000","62.200","62.200","61.000","0.59K","-3.02%"
"07/08/2022","62.900","62.200","62.900","62.200","16.26K","1.45%"
"07/07/2022","62.000","62.000","62.000","62.000","13.40K","0.00%"
"07/06/2022","62.000","61.000","62.000","61.000","2.45K","2.99%"
"07/05/2022","60.200","60.200","60.200","60.200","2.37K","0.00%"
"07/04/2022","60.200","60.200","60.200","60.200","0.50K","-0.08%"
"07/01/2022","60.250","60.500","60.500","60.250","13.39K","-0.41%"
"06/30/2022","60.500","60.500","60.500","60.500","4.54K","0.00%"
"06/29/2022","60.500","60.500","60.550","60.500","8.87K","0.00%"
"06/28/2022","60.500","61.950","61.950","60.050","38.94K","0.75%"
"06/27/2022","60.050","61.000","61.500","58.000","119.59K","-1.56%"
"06/24/2022","61.000","61.100","61.100","61.000","1.36K","0.00%"
"06/23/2022","61.000","61.500","62.000","60.500","21.00K","0.83%"
"06/22/2022","60.500","60.250","61.000","60.250","53.91K","0.50%"
"06/21/2022","60.200","63.000","63.000","60.100","0.63K","0.33%"
"06/20/2022","60.000","63.000","63.300","60.000","39.65K","-4.76%"
"06/17/2022","63.000","65.000","65.000","63.000","33.81K","-3.08%"
"06/16/2022","65.000","65.000","67.000","65.000","123.11K","-0.08%"
"06/15/2022","65.050","65.100","66.950","65.050","3.88K","-1.44%"
"06/14/2022","66.000","66.000","67.000","65.000","4.78K","0.00%"
"06/13/2022","66.000","66.250","67.000","66.000","9.17K","0.00%"
"06/10/2022","66.000","67.700","67.700","65.000","1.25K","-1.49%"
"06/09/2022","67.000","67.000","67.900","66.900","30.30K","0.00%"
"06/08/2022","67.000","67.500","68.000","67.000","43.26K","-0.74%"
"06/07/2022","67.500","68.000","68.000","67.500","0.92K","0.75%"
"06/06/2022","67.000","67.800","68.500","67.000","12.77K","-1.18%"
"06/03/2022","67.800","68.500","68.500","67.600","2.15K","0.30%"
"06/02/2022","67.600","67.900","67.900","67.550","14.65K","-0.37%"
"06/01/2022","67.850","67.900","68.000","67.850","50.52K","0.44%"
"05/31/2022","67.550","67.900","67.900","67.550","16.88K","-0.59%"
"05/30/2022","67.950","68.000","68.000","67.950","0.47K","0.67%"
"05/27/2022","67.500","67.000","67.500","67.000","9.13K","0.00%"
"05/26/2022","67.500","67.500","68.400","66.900","91.82K","0.75%"
"05/25/2022","67.000","67.800","68.000","66.800","39.42K","-0.89%"
"05/24/2022","67.600","69.000","69.000","67.200","11.71K","-1.39%"
"05/23/2022","68.550","70.000","70.000","68.550","23.46K","-0.07%"
"05/20/2022","68.600","68.000","68.600","68.000","2.33K","0.88%"
"05/19/2022","68.000","68.350","68.350","68.000","0.23K","0.74%"
"05/18/2022","67.500","68.000","68.350","66.500","9.00K","1.50%"
"05/17/2022","66.500","65.400","70.000","65.400","1.36K","1.68%"
"05/16/2022","65.400","65.200","68.500","65.100","7.28K","0.31%"
"05/13/2022","65.200","65.200","65.600","65.200","103.66K","0.31%"
"05/12/2022","65.000","68.500","68.500","65.000","10.57K","-5.11%"
"05/11/2022","68.500","68.500","68.700","68.500","22.40K","-0.29%"
"05/10/2022","68.700","69.700","69.700","68.650","24.08K","-1.65%"
"05/06/2022","69.850","70.200","70.200","69.850","3.82K","0.00%"
"05/05/2022","69.850","69.900","69.900","69.700","6.06K","-0.07%"
"05/04/2022","69.900","69.900","69.900","69.900","4.93K","-0.07%"
"05/02/2022","69.950","69.950","69.950","69.950","","0.00%"
"04/29/2022","69.950","70.150","70.150","69.950","6.00K","-0.29%"
"04/28/2022","70.150","70.000","70.150","70.000","11.14K","0.21%"
"04/27/2022","70.000","70.000","70.000","70.000","6.61K","-0.43%"
"04/26/2022","70.300","70.000","70.400","70.000","1.26K","0.43%"
"04/25/2022","70.000","70.000","70.000","70.000","","0.00%"
"04/22/2022","70.000","70.000","70.550","70.000","1.28K","0.00%"
"04/21/2022","70.000","70.600","70.600","70.000","1.21K","-0.28%"
"04/20/2022","70.200","70.200","70.200","70.200","0.09K","0.00%"
"04/19/2022","70.200","70.000","70.600","70.000","7.06K","-0.28%"
"04/18/2022","70.400","69.950","70.400","69.950","13.46K","0.64%"
"04/13/2022","69.950","70.400","70.400","69.950","0.53K","0.00%"
"04/12/2022","69.950","70.000","70.300","69.950","35.32K","0.00%"
"04/11/2022","69.950","70.000","70.050","69.950","47.75K","-0.64%"
"04/08/2022","70.400","70.100","70.400","70.100","3.78K","0.00%"
"04/07/2022","70.400","70.050","70.400","70.000","2.03K","0.50%"
"04/06/2022","70.050","70.000","70.150","70.000","18.31K","-0.43%"
"04/05/2022","70.350","70.000","70.400","70.000","6.55K","0.50%"
"04/04/2022","70.000","70.400","70.400","70.000","50.89K","-0.50%"
"04/01/2022","70.350","70.000","70.400","70.000","14.18K","0.21%"
"03/31/2022","70.200","70.000","70.200","69.950","36.96K","0.29%"
"03/30/2022","70.000","69.950","70.200","69.950","38.28K","0.07%"
"03/29/2022","69.950","69.950","69.950","69.950","6.30K","0.00%"
"03/28/2022","69.950","69.900","69.950","69.850","19.30K","0.58%"
"03/25/2022","69.550","69.650","69.650","69.500","2.91K","-0.50%"
"03/24/2022","69.900","69.950","69.950","69.900","2.64K","-0.07%"
"03/23/2022","69.950","69.750","69.950","69.750","0.78K","0.65%"
"03/22/2022","69.500","69.950","69.950","69.500","4.15K","-0.64%"
"03/21/2022","69.950","69.950","69.950","69.100","10.00K","0.00%"
"03/18/2022","69.950","69.950","70.000","69.500","3.74K","1.38%"
"03/17/2022","69.000","69.950","69.950","68.600","3.21K","0.58%"
"03/16/2022","68.600","69.500","69.500","68.500","13.47K","-1.29%"
"03/15/2022","69.500","70.000","70.000","69.500","16.85K","-0.71%"
"03/14/2022","70.000","70.100","70.100","69.700","21.98K","-0.14%"
"03/11/2022","70.100","70.100","70.100","70.000","20.55K","-0.07%"
"03/10/2022","70.150","70.050","70.250","70.050","4.99K","-0.14%"
"03/09/2022","70.250","70.150","70.250","70.000","15.55K","0.36%"
"03/08/2022","70.000","70.350","70.350","70.000","43.22K","-0.50%"
"03/07/2022","70.350","70.800","70.800","70.350","12.71K","-0.35%"
"03/04/2022","70.600","70.500","70.750","70.400","115.68K","0.14%"
"03/03/2022","70.500","70.500","70.700","70.400","68.56K","0.00%"
"03/02/2022","70.500","70.750","70.800","70.450","11.46K","-0.35%"
"03/01/2022","70.750","70.600","70.750","70.500","26.92K","0.14%"
"02/28/2022","70.650","70.650","70.750","70.600","13.36K","0.00%"
"02/24/2022","70.650","70.850","70.950","70.650","49.42K","-0.35%"
"02/23/2022","70.900","70.900","70.950","70.800","215.31K","0.00%"
"02/22/2022","70.900","70.900","70.900","70.850","12.98K","-0.14%"
"02/21/2022","71.000","71.200","71.200","70.850","35.62K","0.00%"
"02/18/2022","71.000","71.000","71.200","70.750","46.27K","0.00%"
"02/17/2022","71.000","70.800","71.500","70.700","110.86K","0.21%"
"02/16/2022","70.850","70.800","71.000","70.800","68.31K","0.07%"
"02/15/2022","70.800","70.700","70.850","70.650","3.91K","0.14%"
"02/14/2022","70.700","70.700","71.000","70.700","22.19K","-0.07%"
"02/11/2022","70.750","71.000","71.000","70.750","2.32K","-0.28%"
"02/10/2022","70.950","70.900","70.950","70.650","21.50K","0.07%"
"02/09/2022","70.900","70.650","71.000","70.250","15.55K","-0.14%"
"02/08/2022","71.000","70.000","71.000","70.000","10.24K","0.57%"
"02/07/2022","70.600","70.300","70.600","70.000","41.38K","0.43%"
"02/04/2022","70.300","70.600","70.600","70.300","3.96K","0.50%"
"02/03/2022","69.950","70.000","70.000","69.950","15.35K","-0.07%"
"02/02/2022","70.000","70.000","70.000","69.950","58.32K","0.00%"
"01/31/2022","70.000","70.100","70.100","70.000","103.02K","-0.14%"
"01/28/2022","70.100","70.200","70.200","70.100","28.07K","-0.14%"
"01/27/2022","70.200","70.350","70.350","70.150","112.16K","0.00%"
"01/26/2022","70.200","70.400","70.450","70.200","66.89K","0.00%"
"01/25/2022","70.200","70.100","70.800","70.100","6.85K","0.14%"
"01/24/2022","70.100","70.200","70.250","70.100","17.39K","-0.21%"
"01/21/2022","70.250","70.250","70.250","70.200","37.51K","0.00%"
"01/20/2022","70.250","70.200","70.300","70.200","14.57K","0.00%"
"01/19/2022","70.250","71.000","71.000","70.200","8.79K","0.07%"
"01/18/2022","70.200","70.250","70.800","70.200","184.90K","0.00%"
"01/17/2022","70.200","70.400","70.500","70.200","12.94K","-0.28%"
"01/14/2022","70.400","70.100","71.300","70.100","2.67K","0.43%"
"01/13/2022","70.100","71.300","71.300","70.000","18.11K","-1.75%"
"01/12/2022","71.350","71.400","71.400","71.350","20.20K","1.93%"
"01/11/2022","70.000","71.600","71.700","70.000","8.95K","0.00%"
"01/10/2022","70.000","71.800","71.800","69.900","36.76K","-2.64%"
"01/07/2022","71.900","69.950","71.900","69.900","70.04K","2.71%"
"01/06/2022","70.000","70.050","71.000","69.950","52.35K","0.00%"
"01/05/2022","70.000","70.000","70.500","69.950","53.28K","0.00%"
"01/03/2022","70.000","70.050","70.050","69.900","53.36K","-0.07%"
"12/31/2021","70.050","69.900","70.900","69.850","542.95K","0.21%"
"12/29/2021","69.900","70.000","70.000","69.850","86.08K","-0.14%"
"12/28/2021","70.000","70.100","70.100","69.950","43.67K","-0.07%"
"12/27/2021","70.050","71.500","71.500","70.000","86.68K","-1.34%"
"12/24/2021","71.000","70.950","71.000","70.200","2.62K","0.00%"
"12/23/2021","71.000","71.800","71.800","70.100","101.91K","-1.11%"
"12/22/2021","71.800","71.800","71.800","71.600","0.86K","-0.21%"
"12/21/2021","71.950","71.900","72.000","71.800","1.24M","0.07%"
"12/20/2021","71.900","72.000","72.100","71.800","5.21M","0.14%"
"12/17/2021","71.800","71.750","71.900","71.500","2.04M","0.00%"
"12/16/2021","71.800","71.950","72.400","71.500","4.57K","-0.21%"
"12/15/2021","71.950","72.000","72.000","71.800","19.27K","-0.07%"
"12/14/2021","72.000","72.000","72.400","71.900","679.25K","0.07%"
"12/13/2021","71.950","71.950","72.600","71.950","119.28K","0.00%"
"12/10/2021","71.950","72.000","72.850","71.900","83.24K","0.00%"
"12/09/2021","71.950","72.100","72.100","71.800","180.22K","-0.21%"
"12/07/2021","72.100","72.300","72.350","72.050","156.81K","-0.35%"
"12/06/2021","72.350","73.300","73.300","72.350","111.68K","-0.07%"
"12/03/2021","72.400","72.400","72.650","72.400","41.73K","0.00%"
"12/02/2021","72.400","73.000","73.000","72.400","53.95K","-0.41%"
"12/01/2021","72.700","74.500","74.500","72.700","17.17K","-0.07%"
"11/29/2021","72.750","73.000","73.000","72.700","99.69K","-0.34%"
"11/26/2021","73.000","72.900","73.200","72.900","8.05K","0.14%"
"11/25/2021","72.900","72.900","73.050","72.900","40.96K","0.00%"
"11/24/2021","72.900","73.000","74.400","72.750","44.20K","-0.14%"
"11/23/2021","73.000","73.000","73.150","73.000","34.61K","0.00%"
"11/22/2021","73.000","73.000","73.500","73.000","1.11M","0.00%"
"11/19/2021","73.000","76.500","76.500","73.000","80.35K","-0.88%"
"11/18/2021","73.650","73.750","73.750","73.600","1.76M","-0.14%"
"11/17/2021","73.750","73.600","74.500","73.600","8.42K","0.20%"
"11/16/2021","73.600","75.500","75.500","73.500","59.71K","-1.41%"
"11/15/2021","74.650","74.700","76.250","74.650","30.20K","-0.07%"
"11/12/2021","74.700","75.250","75.250","74.700","42.79K","-0.40%"
"11/11/2021","75.000","75.100","75.500","75.000","13.86K","-0.13%"
"11/10/2021","75.100","75.600","75.800","75.100","11.93K","-0.53%"
"11/09/2021","75.500","75.400","76.000","75.300","14.62K","0.07%"
"11/08/2021","75.450","75.500","76.000","75.300","32.70K","0.20%"
"11/05/2021","75.300","75.000","75.300","75.000","15.00K","0.80%"
"11/04/2021","74.700","74.700","74.800","74.700","1.29K","0.07%"
"11/03/2021","74.650","74.850","75.400","74.650","25.93K","-0.33%"
"11/02/2021","74.900","75.000","75.000","74.500","124.93K","0.54%"
"10/29/2021","74.500","75.000","75.000","74.500","113.28K","-0.60%"
"10/28/2021","74.950","74.950","75.500","74.950","35.48K","-0.07%"
"10/27/2021","75.000","74.900","75.500","74.900","48.35K","0.00%"
"10/26/2021","75.000","75.400","75.600","75.000","98.34K","-0.53%"
"10/25/2021","75.400","75.350","75.400","75.000","76.24K","0.07%"
"10/22/2021","75.350","75.300","75.900","75.300","35.54K","0.00%"
"10/21/2021","75.350","75.600","76.050","75.250","12.54K","-0.33%"
"10/20/2021","75.600","76.100","76.100","75.500","265.69K","-0.79%"
"10/19/2021","76.200","76.100","76.500","76.100","19.63K","0.13%"
"10/18/2021","76.100","75.500","76.700","75.500","45.47K","1.13%"
"10/15/2021","75.250","77.000","77.000","75.150","37.22K","0.20%"
"10/14/2021","75.100","76.000","76.950","75.100","24.07K","-1.18%"
"10/13/2021","76.000","77.000","77.000","76.000","13.71K","-1.30%"
"10/12/2021","77.000","75.400","77.000","75.150","14.67K","2.12%"
"10/11/2021","75.400","76.000","76.100","75.000","52.65K","-1.89%"
"10/08/2021","76.850","76.000","76.950","75.500","25.26K","1.12%"
"10/07/2021","76.000","75.500","77.000","75.000","28.47K","0.66%"
"10/06/2021","75.500","75.000","76.000","75.000","79.43K","0.80%"
"10/05/2021","74.900","74.550","75.000","74.550","29.10K","0.47%"
"10/04/2021","74.550","74.400","74.800","74.350","20.16K","0.34%"
"10/01/2021","74.300","74.550","75.000","74.000","53.02K","-0.34%"
"09/30/2021","74.550","74.300","75.500","74.300","42.16K","0.68%"
"09/29/2021","74.050","74.100","74.150","74.000","65.42K","-0.07%"
"09/28/2021","74.100","74.050","74.150","74.050","71.20K","0.07%"
"09/27/2021","74.050","74.050","74.900","74.050","35.13K","0.07%"
"09/24/2021","74.000","75.750","75.750","74.000","120.70K","-2.57%"
"09/23/2021","75.950","76.250","76.500","75.900","31.67K","-0.52%"
"09/22/2021","76.350","77.350","77.350","76.350","13.94K","-0.84%"
"09/21/2021","77.000","77.000","77.450","76.800","152.28K","0.00%"
"09/20/2021","77.000","77.600","77.650","77.000","114.53K","-0.65%"
"09/17/2021","77.500","77.500","77.650","77.500","73.76K","-0.13%"
"09/16/2021","77.600","77.650","77.700","77.550","80.71K","-0.06%"
"09/15/2021","77.650","77.550","77.800","77.550","39.67K","0.19%"
"09/14/2021","77.500","77.400","77.800","77.400","439.17K","0.13%"
"09/13/2021","77.400","78.000","78.000","77.400","66.22K","-0.77%"
"09/10/2021","78.000","78.350","78.500","78.000","25.11K","-0.45%"
"09/09/2021","78.350","78.300","78.400","78.300","4.39K","0.06%"
"09/08/2021","78.300","78.400","79.000","78.250","60.45K","0.38%"
"09/07/2021","78.000","77.500","78.500","77.500","156.57K","0.65%"
"09/06/2021","77.500","77.300","77.550","77.000","298.11K","0.00%"
"09/03/2021","77.500","77.600","77.600","77.000","128.81K","0.13%"
"09/02/2021","77.400","77.400","77.400","76.900","323.73K","-0.13%"
"09/01/2021","77.500","77.600","77.600","76.500","55.97K","-0.13%"
"08/31/2021","77.600","76.700","77.650","76.700","34.20K","1.17%"
"08/27/2021","76.700","74.350","76.700","74.350","186.64K","3.65%"
"08/26/2021","74.000","73.950","74.100","73.950","44.48K","0.00%"
"08/25/2021","74.000","74.000","74.650","73.950","278.46K","0.00%"
"08/24/2021","74.000","74.000","74.300","73.950","45.22K","0.07%"
"08/23/2021","73.950","74.250","74.250","73.950","9.46K","-0.60%"
"08/20/2021","74.400","74.100","74.800","74.100","44.13K","0.61%"
"08/19/2021","73.950","74.400","74.400","73.950","105.10K","-0.60%"
"08/18/2021","74.400","74.000","75.600","73.950","48.25K","0.54%"
"08/17/2021","74.000","74.000","74.000","73.950","31.24K","0.07%"
"08/16/2021","73.950","73.950","74.000","73.950","59.09K","0.00%"
"08/13/2021","73.950","73.950","73.950","73.900","46.96K","0.00%"
"08/12/2021","73.950","73.950","74.000","73.950","31.82K","0.00%"
"08/11/2021","73.950","74.450","74.450","73.950","21.44K","-0.07%"
"08/10/2021","74.000","74.450","74.450","73.950","24.87K","-0.07%"
"08/09/2021","74.050","74.300","74.500","74.050","2.83K","-1.13%"
"08/06/2021","74.900","74.000","74.950","74.000","26.18K","1.22%"
"08/05/2021","74.000","74.000","74.050","74.000","78.20K","0.00%"
"08/04/2021","74.000","74.300","74.300","74.000","80.63K","-0.40%"
"08/03/2021","74.300","73.850","74.400","73.850","128.60K","0.61%"
"08/02/2021","73.850","73.850","73.900","73.800","150.10K","-0.07%"
"07/30/2021","73.900","75.100","75.100","73.900","89.57K","-1.20%"
"07/29/2021","74.800","74.950","74.950","74.500","4.57K","-0.20%"
"07/28/2021","74.950","75.900","75.900","73.900","1.13K","1.42%"
"07/27/2021","73.900","73.850","73.900","73.700","170.99K","0.07%"
"07/26/2021","73.850","74.500","74.500","73.800","101.54K","-1.60%"
"07/23/2021","75.050","74.500","76.450","74.500","4.56K","0.74%"
"07/22/2021","74.500","74.000","74.500","73.550","60.25K","0.68%"
"07/21/2021","74.000","75.800","75.800","74.000","325.79K","-2.76%"
"07/19/2021","76.100","77.250","77.300","76.000","266.08K","-1.55%"
"07/16/2021","77.300","77.300","77.450","77.300","267.68K","0.00%"
"07/15/2021","77.300","77.500","77.700","77.300","252.47K","-0.26%"
"07/14/2021","77.500","77.500","78.000","77.500","37.02K","-0.19%"
"07/13/2021","77.650","77.850","78.000","77.500","272.05K","-0.32%"
"07/12/2021","77.900","77.900","78.200","77.900","28.05K","0.00%"
"07/09/2021","77.900","78.000","78.000","77.850","234.08K","-0.13%"
"07/08/2021","78.000","77.800","78.200","77.500","446.68K","0.00%"
"07/07/2021","78.000","79.000","79.000","77.800","233.56K","-0.45%"
"07/06/2021","78.350","78.200","78.400","78.100","230.89K","0.19%"
"07/05/2021","78.200","78.750","78.750","78.000","51.24K","-0.70%"
"07/02/2021","78.750","79.100","79.200","78.750","39.97K","-0.44%"
"07/01/2021","79.100","79.100","79.200","79.100","9.78K","0.00%"
"06/30/2021","79.100","79.100","79.200","78.600","113.38K","0.00%"
"06/29/2021","79.100","78.000","79.500","78.000","139.71K","1.35%"
"06/28/2021","78.050","78.800","79.300","77.900","136.62K","-0.95%"
"06/25/2021","78.800","77.200","79.300","77.200","109.87K","2.14%"
"06/24/2021","77.150","77.000","77.500","76.500","1.51M","0.19%"
"06/23/2021","77.000","75.200","77.000","75.150","106.78K","2.53%"
"06/22/2021","75.100","75.250","76.200","74.000","918.99K","-2.40%"
"06/21/2021","76.950","77.400","77.400","74.750","621.91K","-0.71%"
"06/18/2021","77.500","75.300","77.500","74.650","125.44K","2.65%"
"06/17/2021","75.500","76.000","76.400","75.500","106.49K","0.00%"
"06/16/2021","75.500","72.950","76.100","72.950","3.99M","3.50%"
"06/15/2021","72.950","72.000","72.950","71.600","48.88K","1.32%"
"06/14/2021","72.000","68.750","72.000","68.750","58.68K","4.73%"
"06/11/2021","68.750","69.250","69.450","68.750","92.00K","-0.36%"
"06/10/2021","69.000","69.250","69.250","68.800","42.09K","0.00%"
"06/09/2021","69.000","68.500","69.000","68.500","64.86K","0.73%"
"06/08/2021","68.500","69.300","69.400","68.350","116.95K","0.22%"
"06/07/2021","68.350","68.200","68.500","68.200","73.80K","0.37%"
"06/04/2021","68.100","68.500","68.500","68.000","129.10K","0.22%"
"06/03/2021","67.950","68.300","69.250","67.300","97.77K","-0.51%"
"06/02/2021","68.300","69.800","69.800","68.150","53.83K","0.29%"
"06/01/2021","68.100","68.500","69.000","68.100","704.90K","0.00%"
"05/31/2021","68.100","68.000","69.800","68.000","712.79K","0.15%"
"05/28/2021","68.000","69.000","69.000","68.000","105.91K","-1.45%"
"05/27/2021","69.000","68.900","69.000","68.000","4.91K","0.44%"
"05/26/2021","68.700","68.600","69.000","68.000","601.82K","-0.43%"
"05/25/2021","69.000","69.000","69.000","68.500","31.26K","-0.86%"
"05/24/2021","69.600","70.050","70.050","69.600","44.83K","-0.64%"
"05/21/2021","70.050","70.000","70.050","70.000","231.61K","0.07%"
"05/20/2021","70.000","70.000","71.000","70.000","15.96K","0.00%"
"05/19/2021","70.000","68.000","70.000","68.000","103.23K","2.94%"
"05/18/2021","68.000","68.700","69.450","68.000","8.50K","-1.02%"
"05/17/2021","68.700","67.200","68.750","67.200","24.72K","2.31%"
"05/14/2021","67.150","67.300","67.400","67.150","92.67K","-0.22%"
"05/12/2021","67.300","67.600","67.600","67.250","26.55K","-0.22%"
"05/11/2021","67.450","67.600","67.600","67.400","9.39K","-0.15%"
"05/10/2021","67.550","67.600","67.700","67.500","11.39K","-0.22%"
"05/07/2021","67.700","67.500","67.750","67.500","28.52K","-0.07%"
"05/06/2021","67.750","67.650","68.200","67.500","66.10K","0.00%"
"05/05/2021","67.750","68.000","68.100","67.700","12.49K","-0.15%"
"05/04/2021","67.850","67.200","70.000","67.200","38.61K","0.97%"
"05/03/2021","67.200","67.100","68.000","67.100","4.95K","0.15%"
"04/30/2021","67.100","68.200","69.000","67.100","56.90K","-0.07%"
"04/29/2021","67.150","69.000","69.500","67.150","310.17K","-0.15%"
"04/28/2021","67.250","68.000","68.000","67.250","14.02K","-0.15%"
"04/27/2021","67.350","68.000","68.000","67.350","11.76K","-0.07%"
"04/26/2021","67.400","67.700","67.800","67.200","386.32K","-0.59%"
"04/23/2021","67.800","68.000","68.000","67.700","130.52K","-0.15%"
"04/22/2021","67.900","69.000","69.000","67.900","16.84K","-0.88%"
"04/21/2021","68.500","68.000","69.700","67.500","144.39K","1.86%"
"04/20/2021","67.250","67.150","69.250","67.150","46.14K","0.00%"
"04/19/2021","67.250","67.250","67.500","67.150","35.75K","0.00%"
"04/16/2021","67.250","69.000","69.200","67.100","6.76K","0.22%"
"04/15/2021","67.100","67.700","67.700","67.050","109.46K","-0.96%"
"04/14/2021","67.750","67.750","67.850","67.700","29.46K","0.00%"
"04/13/2021","67.750","68.500","68.600","67.750","28.81K","0.00%"
"04/12/2021","67.750","69.200","69.950","67.600","105.90K","-2.17%"
"04/08/2021","69.250","69.550","70.900","69.250","26.15K","-0.36%"
"04/07/2021","69.500","69.700","70.150","69.500","45.97K","-0.36%"
"04/06/2021","69.750","70.950","70.950","69.650","91.52K","-0.07%"
"04/05/2021","69.800","69.800","70.050","69.700","28.38K","0.00%"
"03/31/2021","69.800","71.000","71.000","69.700","44.49K","-0.36%"
"03/30/2021","70.050","71.450","71.450","70.050","54.92K","-1.96%"
"03/29/2021","71.450","70.000","71.500","69.500","38.71K","1.20%"
"03/26/2021","70.600","72.000","72.000","70.000","115.06K","0.86%"
"03/25/2021","70.000","69.200","72.350","69.200","7.66K","-6.67%"
"03/24/2021","75.000","69.000","75.000","67.550","64.17K","8.62%"
"03/23/2021","69.050","70.000","70.000","69.000","16.79K","0.00%"
"03/22/2021","69.050","70.800","70.800","69.000","30.19K","-2.54%"
"03/19/2021","70.850","71.000","71.000","70.500","15.55K","-0.49%"
"03/18/2021","71.200","71.000","71.200","71.000","57.99K","0.28%"
"03/17/2021","71.000","71.500","71.700","71.000","3.92K","-0.42%"
"03/16/2021","71.300","72.000","72.000","71.050","20.75K","-0.97%"
"03/15/2021","72.000","72.800","72.800","71.800","48.95K","-0.96%"
"03/12/2021","72.700","72.550","72.700","72.550","7.02K","0.21%"
"03/11/2021","72.550","74.500","74.600","72.550","15.69K","-2.88%"
"03/10/2021","74.700","74.800","74.800","74.550","27.23K","-0.40%"
"03/09/2021","75.000","72.950","75.000","72.750","36.96K","2.74%"
"03/08/2021","73.000","73.000","73.300","72.950","14.27K","0.69%"
"03/05/2021","72.500","72.200","72.900","72.200","18.61K","0.42%"
"03/04/2021","72.200","72.300","72.450","72.200","26.30K","-0.14%"
"03/03/2021","72.300","74.000","74.000","72.300","138.34K","-0.75%"
"03/02/2021","72.850","73.000","74.900","72.800","23.79K","-0.34%"
"03/01/2021","73.100","73.050","74.000","73.050","19.32K","0.07%"
"02/26/2021","73.050","73.950","73.950","72.800","26.49K","-1.88%"
"02/24/2021","74.450","74.600","74.600","74.000","14.54K","-0.13%"
"02/23/2021","74.550","74.900","74.900","74.550","28.83K","-0.47%"
"02/22/2021","74.900","75.000","75.000","74.500","35.00K","-0.13%"
"02/19/2021","75.000","75.700","75.700","74.800","166.00K","-0.79%"
"02/18/2021","75.600","76.000","76.000","75.500","16.22K","-0.53%"
"02/17/2021","76.000","76.000","76.000","75.850","21.45K","0.00%"
"02/16/2021","76.000","75.500","77.000","75.500","229.48K","0.80%"
"02/15/2021","75.400","75.400","75.500","75.300","355.52K","0.00%"
"02/11/2021","75.400","76.500","76.500","75.400","42.32K","-0.20%"
"02/10/2021","75.550","75.550","75.650","75.500","62.63K","-0.33%"
"02/09/2021","75.800","75.650","76.000","75.400","54.37K","0.00%"
"02/08/2021","75.800","75.550","76.000","75.500","19.53K","0.33%"
"02/05/2021","75.550","75.550","75.800","75.500","47.50K","0.00%"
"02/04/2021","75.550","75.500","76.000","75.450","16.09K","0.07%"
"02/03/2021","75.500","78.000","78.000","75.500","168.95K","-0.13%"
"02/02/2021","75.600","75.600","76.050","75.500","9.98K","0.07%"
"02/01/2021","75.550","76.100","77.850","75.400","40.70K","0.07%"
"01/29/2021","75.500","75.500","78.000","75.450","19.33K","0.00%"
"01/28/2021","75.500","75.600","75.700","75.400","16.11K","-0.26%"
"01/27/2021","75.700","76.000","76.000","75.400","55.26K","-1.69%"
"01/26/2021","77.000","78.000","78.000","77.000","69.01K","-1.53%"
"01/25/2021","78.200","78.100","78.500","78.100","81.07K","-1.01%"
"01/22/2021","79.000","79.350","79.350","78.500","62.10K","-0.63%"
"01/21/2021","79.500","79.400","79.700","79.200","57.99K","0.00%"
"01/20/2021","79.500","80.400","80.400","79.500","24.32K","-1.24%"
"01/19/2021","80.500","81.500","81.500","80.000","14.45K","-1.23%"
"01/18/2021","81.500","81.900","81.900","81.500","38.65K","-0.49%"
"01/15/2021","81.900","82.000","82.050","80.100","174.81K","-0.12%"
"01/14/2021","82.000","80.000","82.500","79.100","143.10K","0.00%"
"01/13/2021","82.000","79.500","82.500","79.200","298.03K","2.89%"
"01/12/2021","79.700","81.150","82.000","79.050","128.98K","-2.51%"
"01/11/2021","81.750","80.100","82.250","80.100","328.92K","2.32%"
"01/08/2021","79.900","76.000","80.000","76.000","206.72K","5.13%"
"01/07/2021","76.000","75.900","76.000","75.500","34.43K","0.66%"
"01/06/2021","75.500","76.500","76.600","75.300","223.90K","-1.31%"
"01/05/2021","76.500","77.200","78.000","76.300","59.59K","-0.65%"
"01/04/2021","77.000","76.800","77.000","76.000","139.84K","0.00%"
"12/29/2020","77.000","75.500","77.050","75.500","215.21K","1.99%"
"12/28/2020","75.500","77.200","77.200","75.200","70.17K","-2.45%"
"12/23/2020","77.400","75.550","78.000","75.550","174.38K","2.52%"
"12/22/2020","75.500","78.000","78.000","74.000","267.52K","-2.58%"
"12/21/2020","77.500","78.000","79.000","77.500","290.23K","-0.64%"
"12/18/2020","78.000","78.000","79.000","78.000","33.90K","0.00%"
"12/17/2020","78.000","79.000","79.500","78.000","210.99K","-1.27%"
"12/16/2020","79.000","80.000","80.000","78.550","116.75K","1.94%"
"12/15/2020","77.500","77.900","80.000","77.500","410.01K","-0.51%"
"12/14/2020","77.900","79.000","79.100","77.700","308.60K","-1.39%"
"12/11/2020","79.000","77.100","79.250","77.100","150.03K","1.67%"
"12/10/2020","77.700","77.000","78.000","77.000","115.65K","0.65%"
"12/09/2020","77.200","77.500","77.600","76.600","149.77K","0.06%"
"12/07/2020","77.150","76.550","77.600","76.550","233.00K","0.78%"
"12/04/2020","76.550","77.000","78.000","75.650","168.10K","-0.58%"
"12/03/2020","77.000","73.200","77.400","71.050","401.20K","5.48%"
"12/02/2020","73.000","70.000","75.000","69.550","349.41K","10.27%"
"11/27/2020","66.200","65.600","67.000","65.600","25.53K","0.76%"
"11/26/2020","65.700","66.000","67.500","65.700","36.17K","-0.45%"
"11/25/2020","66.000","65.600","66.500","65.600","89.79K","0.61%"
"11/24/2020","65.600","65.500","66.050","65.400","126.52K","0.31%"
"11/23/2020","65.400","66.550","66.550","65.150","51.58K","-0.91%"
"11/20/2020","66.000","64.300","66.000","64.300","60.24K","1.54%"
"11/19/2020","65.000","65.600","66.200","64.200","78.42K","1.25%"
"11/18/2020","64.200","64.400","65.500","64.200","139.81K","-0.31%"
"11/17/2020","64.400","65.550","65.550","64.200","79.90K","-1.75%"
"11/16/2020","65.550","66.000","66.000","65.300","25.14K","-1.28%"
"11/13/2020","66.400","66.000","66.400","65.000","78.72K","0.45%"
"11/11/2020","66.100","64.800","66.300","64.800","23.72K","2.01%"
"11/10/2020","64.800","66.500","66.500","64.750","93.16K","-2.56%"
"11/09/2020","66.500","66.500","66.600","64.600","35.34K","0.00%"
"11/06/2020","66.500","64.500","66.500","64.500","31.93K","2.94%"
"11/05/2020","64.600","64.000","65.000","64.000","8.51K","0.78%"
"11/04/2020","64.100","64.100","65.000","63.600","56.06K","0.00%"
"11/03/2020","64.100","63.450","64.200","62.650","138.82K","2.07%"
"10/30/2020","62.800","63.600","63.650","62.000","53.35K","-0.63%"
"10/29/2020","63.200","62.900","63.950","62.800","198.43K","0.32%"
"10/28/2020","63.000","60.550","63.000","60.450","632.98K","4.05%"
"10/27/2020","60.550","60.600","61.000","60.400","196.62K","-0.16%"
"10/26/2020","60.650","60.850","60.900","60.600","147.31K","-0.33%"
"10/23/2020","60.850","60.800","61.300","60.700","87.60K","-0.25%"
"10/22/2020","61.000","61.000","61.000","60.050","277.02K","0.00%"
"10/21/2020","61.000","60.000","61.000","59.950","135.73K","1.67%"
"10/20/2020","60.000","60.000","60.200","59.950","112.48K","0.00%"
"10/19/2020","60.000","60.000","60.000","59.950","30.98K","0.08%"
"10/16/2020","59.950","60.200","60.200","59.950","40.94K","-0.42%"
"10/15/2020","60.200","60.000","60.900","59.950","19.33K","0.33%"
"10/14/2020","60.000","60.100","60.100","59.950","135.41K","-0.17%"
"10/13/2020","60.100","60.300","60.600","60.050","231.10K","-0.17%"
"10/12/2020","60.200","60.200","60.250","60.200","4.79K","0.00%"
"10/09/2020","60.200","60.500","60.500","60.100","110.94K","0.00%"
"10/08/2020","60.200","61.000","61.000","60.000","13.99K","-0.50%"
"10/07/2020","60.500","61.050","61.050","60.500","18.82K","-0.90%"
"10/06/2020","61.050","61.400","61.400","61.000","126.15K","0.08%"
"10/05/2020","61.000","60.000","61.800","60.000","103.54K","1.67%"
"10/02/2020","60.000","60.000","61.000","60.000","3.98K","0.00%"
"10/01/2020","60.000","61.600","61.600","60.000","12.25K","-1.64%"
"09/30/2020","61.000","61.000","61.800","61.000","5.66K","0.00%"
"09/29/2020","61.000","61.000","61.000","61.000","50.46K","0.00%"
"09/28/2020","61.000","61.600","61.600","60.000","4.05K","-1.29%"
"09/25/2020","61.800","60.650","61.800","60.650","0.14K","3.26%"
"09/24/2020","59.850","59.850","59.900","59.850","39.74K","-0.08%"
"09/23/2020","59.900","59.850","61.000","59.850","212.21K","0.08%"
"09/22/2020","59.850","60.000","60.100","59.850","208.22K","-0.25%"
"09/21/2020","60.000","60.800","61.000","60.000","80.05K","-1.15%"
"09/18/2020","60.700","60.700","61.600","60.700","740.98K","-0.16%"
"09/17/2020","60.800","60.950","62.000","60.700","9.65K","-0.25%"
"09/16/2020","60.950","60.950","60.950","60.850","364.61K","0.00%"
"09/15/2020","60.950","61.100","62.000","60.600","14.66K","-0.25%"
"09/14/2020","61.100","61.750","62.000","61.100","26.69K","-1.45%"
"09/11/2020","62.000","60.800","62.700","60.800","41.17K","1.97%"
"09/10/2020","60.800","62.500","62.500","60.600","20.17K","0.50%"
"09/09/2020","60.500","61.500","62.500","60.500","96.58K","-1.63%"
"09/08/2020","61.500","61.450","61.500","60.000","34.82K","0.82%"
"09/07/2020","61.000","59.500","61.200","59.500","72.25K","1.50%"
"09/04/2020","60.100","60.100","61.000","59.750","2.72K","0.00%"
"09/03/2020","60.100","61.000","61.000","59.900","90.17K","0.67%"
"09/02/2020","59.700","59.950","61.000","59.600","6.30K","-2.13%"
"09/01/2020","61.000","59.250","61.000","59.000","5.39K","2.95%"
"08/28/2020","59.250","59.000","59.500","59.000","2.34K","-0.08%"
"08/27/2020","59.300","59.900","60.050","59.100","12.83K","-1.00%"
"08/26/2020","59.900","60.500","60.500","59.600","7.85K","-0.99%"
"08/25/2020","60.500","60.700","60.700","60.000","67.18K","-0.33%"
"08/24/2020","60.700","60.700","61.000","60.700","61.11K","0.08%"
"08/20/2020","60.650","60.000","61.000","58.800","21.50K","1.08%"
"08/19/2020","60.000","58.700","61.500","58.700","442.56K","2.21%"
"08/18/2020","58.700","60.000","60.000","58.700","287.26K","-0.17%"
"08/17/2020","58.800","59.000","59.100","58.800","15.64K","-0.59%"
"08/14/2020","59.150","60.000","60.000","59.000","6.28K","0.25%"
"08/13/2020","59.000","58.800","60.000","58.700","30.79K","-0.08%"
"08/12/2020","59.050","59.800","59.800","58.700","23.42K","-1.25%"
"08/11/2020","59.800","59.000","60.250","59.000","17.66K","2.05%"
"08/10/2020","58.600","58.550","58.650","58.550","148.04K","-0.34%"
"08/07/2020","58.800","58.600","59.000","58.600","33.05K","0.34%"
"08/06/2020","58.600","58.300","58.750","58.300","507.17K","-0.09%"
"08/05/2020","58.650","58.100","58.800","58.100","95.17K","-1.92%"
"08/04/2020","59.800","57.800","59.800","57.800","11.28K","3.01%"
"08/03/2020","58.050","59.800","59.800","58.000","28.15K","-2.93%"
"07/30/2020","59.800","60.000","60.000","59.500","76.07K","-0.33%"
"07/29/2020","60.000","60.000","60.500","59.000","31.45K","0.00%"
"07/28/2020","60.000","59.000","61.000","58.500","22.99K","1.69%"
"07/27/2020","59.000","59.200","60.000","58.550","24.27K","-0.34%"
"07/24/2020","59.200","60.000","60.000","59.000","18.65K","0.34%"
"07/23/2020","59.000","60.000","61.000","58.500","96.71K","-1.67%"
"07/22/2020","60.000","61.000","61.500","60.000","27.84K","-0.83%"
"07/21/2020","60.500","62.000","62.000","60.500","1.52M","0.00%"
"07/20/2020","60.500","60.000","61.500","59.000","977.97K","0.83%"
"07/17/2020","60.000","60.000","61.000","58.000","20.48K","0.00%"
"07/16/2020","60.000","57.400","60.000","57.400","56.73K","4.53%"
"07/15/2020","57.400","60.100","60.150","57.400","287.26K","-4.73%"
"07/14/2020","60.250","62.550","62.550","60.200","142.25K","-4.44%"
"07/13/2020","63.050","63.050","63.500","62.400","89.65K","-3.00%"
"07/10/2020","65.000","64.200","65.000","64.000","50.04K","1.25%"
"07/09/2020","64.200","64.000","64.500","64.000","179.15K","0.31%"
"07/08/2020","64.000","64.000","65.000","64.000","58.81K","0.00%"
"07/07/2020","64.000","63.850","64.500","62.950","202.88K","1.27%"
"07/06/2020","63.200","62.700","63.200","62.700","64.44K","0.80%"
"07/03/2020","62.700","63.000","64.000","62.600","70.30K","-1.10%"
"07/02/2020","63.400","61.350","64.400","61.350","187.94K","3.43%"
"07/01/2020","61.300","61.250","61.500","59.600","63.21K","0.16%"
"06/30/2020","61.200","59.100","61.400","59.000","109.12K","7.27%"
"06/29/2020","57.050","57.000","58.000","57.000","14.96K","0.09%"
"06/26/2020","57.000","57.200","58.950","57.000","20.07K","-0.87%"
"06/25/2020","57.500","58.500","58.500","57.200","68.74K","-1.71%"
"06/24/2020","58.500","59.100","59.100","58.000","13.69K","-1.02%"
"06/23/2020","59.100","59.400","59.400","57.300","7.09K","0.17%"
"06/22/2020","59.000","57.000","59.000","56.000","8.46K","2.08%"
"06/19/2020","57.800","59.000","59.000","57.800","284.13K","-1.78%"
"06/18/2020","58.850","60.000","60.500","58.700","37.49K","0.34%"
"06/17/2020","58.650","57.900","58.750","57.800","82.34K","1.47%"
"06/16/2020","57.800","57.750","57.900","57.750","61.71K","0.09%"
"06/15/2020","57.750","59.350","59.500","57.750","126.11K","-3.75%"
"06/11/2020","60.000","60.500","60.500","59.150","107.55K","-0.17%"
"06/10/2020","60.100","60.850","62.000","59.500","208.45K","0.17%"
"06/09/2020","60.000","60.300","60.300","59.100","154.87K","-0.50%"
"06/08/2020","60.300","60.900","60.900","58.500","215.46K","-0.99%"
"06/05/2020","60.900","58.500","61.000","57.700","426.00K","6.10%"
"06/04/2020","57.400","56.700","58.500","56.700","544.89K","-1.20%"
"06/03/2020","58.100","57.600","58.250","57.500","175.69K","2.11%"
"06/02/2020","56.900","55.850","57.000","55.850","128.84K","1.88%"
"06/01/2020","55.850","54.150","55.950","54.100","52.23K","3.43%"
"05/29/2020","54.000","54.150","54.150","53.900","23.73K","-0.28%"
"05/28/2020","54.150","54.800","54.800","54.100","35.97K","-1.19%"
"05/27/2020","54.800","54.800","56.950","54.500","246.42K","2.81%"
"05/26/2020","53.300","54.450","54.450","53.100","49.10K","1.04%"
"05/22/2020","52.750","52.750","53.300","52.700","25.82K","0.00%"
"05/21/2020","52.750","53.000","53.200","52.750","46.33K","-3.39%"
"05/20/2020","54.600","55.000","55.000","54.600","16.67K","-0.73%"
"05/19/2020","55.000","54.850","55.400","54.850","98.02K","0.18%"
"05/18/2020","54.900","55.000","55.000","54.850","23.94K","-0.18%"
"05/15/2020","55.000","55.150","57.700","55.000","24.51K","-0.27%"
"05/14/2020","55.150","56.300","56.300","55.000","8.31K","-2.30%"
"05/13/2020","56.450","57.200","57.200","56.450","4.70K","-0.27%"
"05/12/2020","56.600","57.000","57.000","56.500","9.55K","-0.88%"
"05/11/2020","57.100","57.400","57.500","57.100","3.70K","-0.52%"
"05/08/2020","57.400","57.500","57.500","57.400","3.12K","0.00%"
"05/07/2020","57.400","57.550","57.600","57.200","20.09K","-0.95%"
"05/06/2020","57.950","58.000","58.450","57.600","19.29K","-0.09%"
"05/05/2020","58.000","58.000","59.000","57.800","15.17K","0.96%"
"05/04/2020","57.450","57.350","57.800","57.150","22.70K","0.17%"
"04/30/2020","57.350","57.150","58.000","57.150","2.61K","0.61%"
"04/29/2020","57.000","57.050","57.200","57.000","21.01K","1.79%"
"04/28/2020","56.000","54.800","56.400","54.800","19.97K","1.82%"
"04/27/2020","55.000","55.500","55.500","55.000","14.17K","-0.90%"
"04/24/2020","55.500","55.900","56.050","55.500","9.91K","-2.55%"
"04/23/2020","56.950","55.500","57.000","55.500","66.67K","1.70%"
"04/22/2020","56.000","56.200","56.200","55.800","38.54K","-0.36%"
"04/21/2020","56.200","58.000","58.000","56.100","98.71K","-1.49%"
"04/20/2020","57.050","56.000","57.050","55.050","228.61K","3.54%"
"04/17/2020","55.100","54.950","56.000","54.100","23.87K","0.27%"
"04/16/2020","54.950","56.000","56.000","54.000","15.07K","-0.09%"
"04/15/2020","55.000","53.900","56.000","53.500","59.50K","3.58%"
"04/14/2020","53.100","52.500","53.550","52.200","11.58K","1.92%"
"04/13/2020","52.100","52.000","52.500","51.500","5.29K","-0.29%"
"04/08/2020","52.250","51.500","52.850","51.450","2.45K","2.15%"
"04/07/2020","51.150","53.500","53.700","51.000","22.20K","-3.49%"
"04/06/2020","53.000","49.000","53.500","49.000","26.60K","8.16%"
"04/03/2020","49.000","48.950","49.000","48.950","2.80K","1.98%"
"04/02/2020","48.050","49.000","49.000","48.000","60.00K","2.23%"
"04/01/2020","47.000","47.500","49.900","47.000","710.10K","-2.08%"
"03/31/2020","48.000","48.000","48.200","48.000","26.70K","1.05%"
"03/30/2020","47.500","48.050","48.850","47.500","158.10K","-1.14%"
"03/27/2020","48.050","47.100","49.950","47.100","40.60K","2.13%"
"03/26/2020","47.050","47.000","47.500","46.650","41.40K","4.44%"
"03/25/2020","45.050","45.000","45.550","44.850","719.20K","1.01%"
"03/24/2020","44.600","47.000","47.000","44.000","30.10K","2.29%"
"03/23/2020","43.600","46.000","46.000","43.000","81.50K","-5.32%"
"03/20/2020","46.050","46.500","46.850","46.000","41.20K","1.99%"
"03/19/2020","45.150","52.000","52.000","41.000","68.75K","-17.91%"
"03/17/2020","55.000","55.000","55.000","52.100","65.37K","0.00%"
"03/16/2020","55.000","55.000","55.000","52.100","65.37K","-0.09%"
"03/13/2020","55.050","55.000","55.200","48.000","162.38K","0.09%"
"03/12/2020","55.000","58.200","58.350","55.000","785.23K","-5.74%"
"03/11/2020","58.350","58.350","59.500","58.300","43.03K","0.00%"
"03/10/2020","58.350","60.400","60.400","58.000","58.50K","-3.39%"
"03/09/2020","60.400","61.050","61.050","59.800","483.05K","-1.23%"
"03/06/2020","61.150","62.000","62.000","61.150","59.02K","-0.97%"
"03/05/2020","61.750","61.600","62.050","61.600","8.39K","-2.76%"
"03/04/2020","63.500","61.050","63.550","61.050","129.41K","3.25%"
"03/03/2020","61.500","60.600","63.450","60.600","121.43K","1.49%"
"03/02/2020","60.600","61.000","61.000","60.050","51.00K","-1.14%"
"02/28/2020","61.300","62.050","62.050","61.000","77.50K","-1.45%"
"02/27/2020","62.200","62.600","63.450","62.000","70.18K","-0.64%"
"02/26/2020","62.600","63.050","63.050","62.600","62.84K","-0.48%"
"02/24/2020","62.900","66.000","66.000","62.450","116.85K","-4.70%"
"02/21/2020","66.000","66.400","66.450","66.000","57.68K","-0.75%"
"02/20/2020","66.500","66.600","66.800","66.500","71.65K","-0.45%"
"02/19/2020","66.800","66.800","66.950","66.800","225.35K","-0.15%"
"02/18/2020","66.900","66.950","66.950","66.850","149.30K","0.07%"
"02/17/2020","66.850","66.850","66.950","66.800","72.64K","0.00%"
"02/14/2020","66.850","67.000","67.000","66.800","889.17K","0.00%"
"02/13/2020","66.850","66.800","67.000","66.800","2.44M","0.07%"
"02/12/2020","66.800","67.400","67.400","66.800","775.66K","-0.30%"
"02/11/2020","67.000","66.800","67.000","66.800","27.55K","0.30%"
"02/10/2020","66.800","66.850","67.000","66.800","84.03K","-0.07%"
"02/07/2020","66.850","66.650","68.000","66.650","123.37K","0.30%"
"02/06/2020","66.650","67.400","67.400","66.650","48.99K","0.00%"
"02/05/2020","66.650","66.650","67.000","66.500","177.53K","0.00%"
"02/04/2020","66.650","66.800","66.800","66.650","37.68K","0.00%"
"02/03/2020","66.650","66.650","66.950","66.650","186.68K","0.00%"
"01/31/2020","66.650","66.600","66.650","66.500","330.38K","0.08%"
"01/30/2020","66.600","66.900","66.900","66.500","61.42K","0.00%"
"01/29/2020","66.600","66.650","66.900","66.600","104.80K","-0.08%"
"01/28/2020","66.650","66.500","66.900","66.500","51.88K","0.23%"
"01/27/2020","66.500","66.100","66.800","66.100","62.80K","0.15%"
"01/24/2020","66.400","66.000","66.850","66.000","14.51K","0.53%"
"01/23/2020","66.050","66.000","66.300","65.950","37.75K","0.08%"
"01/22/2020","66.000","65.800","66.250","65.800","57.74K","0.00%"
"01/21/2020","66.000","66.000","66.200","66.000","4.76K","-0.08%"
"01/20/2020","66.050","67.000","67.400","66.000","72.20K","-1.42%"
"01/17/2020","67.000","66.550","67.400","66.550","27.08K","0.37%"
"01/16/2020","66.750","66.450","67.000","66.350","19.31K","0.45%"
"01/15/2020","66.450","66.400","66.800","66.200","238.29K","0.08%"
"01/14/2020","66.400","66.700","68.800","66.050","17.22K","0.53%"
"01/13/2020","66.050","67.950","67.950","66.000","195.64K","0.00%"
"01/10/2020","66.050","67.950","67.950","66.000","195.64K","-0.75%"
"01/09/2020","66.550","66.650","66.850","66.500","30.00K","-0.08%"
"01/08/2020","66.600","67.200","67.200","66.600","50.26K","-0.89%"
"01/07/2020","67.200","68.400","68.400","67.100","25.87K","-0.44%"
"01/06/2020","67.500","68.200","69.000","67.100","35.22K","-1.32%"
"01/03/2020","68.400","68.000","68.950","68.000","60.43K","0.59%"
"01/02/2020","68.000","68.300","68.950","68.000","30.80K","-1.38%"
"12/27/2019","68.950","68.200","70.000","68.200","40.92K","1.40%"
"12/26/2019","68.000","67.000","68.200","67.000","34.50K","1.49%"
"12/23/2019","67.000","68.200","68.250","66.600","69.50K","0.07%"
"12/20/2019","66.950","68.000","70.000","66.000","116.27K","-1.18%"
"12/19/2019","67.750","68.100","68.100","66.700","37.11K","1.12%"
"12/18/2019","67.000","66.100","70.900","66.000","33.70K","1.36%"
"12/17/2019","66.100","69.800","69.800","66.000","57.73K","-1.71%"
"12/16/2019","67.250","70.500","70.600","67.200","186.62K","-4.20%"
"12/13/2019","70.200","71.500","71.500","70.100","47.94K","-0.57%"
"12/12/2019","70.600","72.750","72.750","70.600","187.63K","-3.02%"
"12/11/2019","72.800","73.000","73.100","71.200","147.73K","-0.41%"
"12/10/2019","73.100","73.500","73.500","73.100","4.65K","-0.54%"
"12/09/2019","73.500","73.500","73.550","73.350","210.08K","-0.07%"
"12/06/2019","73.550","73.550","73.850","73.550","33.08K","0.00%"
"12/05/2019","73.550","74.000","74.000","73.500","111.11K","0.07%"
"12/04/2019","73.500","75.050","75.050","73.100","206.96K","-2.07%"
"12/03/2019","75.050","75.000","75.150","75.000","2.03K","0.07%"
"12/02/2019","75.000","75.750","75.750","74.900","158.91K","-0.07%"
"11/29/2019","75.050","75.750","75.750","75.050","192.48K","-0.92%"
"11/28/2019","75.750","75.000","75.750","75.000","375.03K","0.00%"
"11/27/2019","75.750","76.000","76.200","75.750","93.20K","-0.33%"
"11/26/2019","76.000","75.950","76.050","75.950","62.92K","0.07%"
"11/25/2019","75.950","77.100","77.100","73.800","108.16K","-1.36%"
"11/22/2019","77.000","76.800","77.000","76.800","61.00K","0.13%"
"11/21/2019","76.900","77.700","77.700","76.800","141.67K","-1.09%"
"11/20/2019","77.750","78.000","78.000","76.800","77.36K","-0.32%"
"11/19/2019","78.000","78.400","78.400","77.800","23.64K","-0.51%"
"11/18/2019","78.400","78.350","78.400","78.250","42.58K","0.06%"
"11/15/2019","78.350","79.000","79.000","78.350","78.75K","0.00%"
"11/14/2019","78.350","78.350","78.400","78.300","383.28K","-0.06%"
"11/13/2019","78.400","78.500","78.500","78.300","330.83K","-0.13%"
"11/12/2019","78.500","79.000","79.000","78.400","11.49K","0.00%"
"11/11/2019","78.500","78.750","78.750","78.250","147.10K","-0.32%"
"11/08/2019","78.750","79.000","79.250","78.750","22.00K","-0.19%"
"11/07/2019","78.900","78.900","78.900","78.850","90.06K","0.00%"
"11/06/2019","78.900","79.000","79.000","78.900","30.70K","-0.13%"
"11/05/2019","79.000","79.000","79.000","78.900","154.09K","0.00%"
"11/04/2019","79.000","78.900","79.400","78.900","42.89K","0.13%"
"10/31/2019","78.900","79.400","79.400","78.900","78.27K","-0.13%"
"10/30/2019","79.000","79.500","79.500","78.900","167.05K","-0.13%"
"10/29/2019","79.100","79.100","80.750","79.000","26.34K","0.13%"
"10/28/2019","79.000","79.000","80.950","78.900","3.73K","0.00%"
"10/25/2019","79.000","79.950","79.950","78.900","130.20K","-1.19%"
"10/24/2019","79.950","79.000","79.950","78.950","59.74K","1.20%"
"10/23/2019","79.000","79.000","79.450","78.900","145.35K","0.00%"
"10/22/2019","79.000","79.750","79.950","78.950","177.32K","-0.32%"
"10/21/2019","79.250","79.050","79.700","79.000","1.40M","0.32%"
"10/18/2019","79.000","79.200","79.200","78.900","264.02K","-0.06%"
"10/17/2019","79.050","79.100","79.200","79.050","24.57K","-0.13%"
"10/16/2019","79.150","79.300","79.300","79.050","78.71K","0.06%"
"10/15/2019","79.100","79.050","79.500","79.050","36.73K","0.06%"
"10/14/2019","79.050","79.300","79.950","79.050","56.82K","-0.32%"
"10/11/2019","79.300","79.350","79.500","79.300","34.47K","-0.06%"
"10/10/2019","79.350","81.000","81.000","79.300","34.68K","-0.25%"
"10/09/2019","79.550","79.550","80.950","79.450","52.72K","0.00%"
"10/08/2019","79.550","79.500","79.700","79.450","24.32K","0.89%"
"10/07/2019","78.850","78.350","78.950","78.350","6.27K","0.45%"
"10/04/2019","78.500","78.500","78.750","78.300","64.99K","0.00%"
"10/03/2019","78.500","80.150","80.150","78.250","149.78K","-2.06%"
"10/02/2019","80.150","80.000","81.000","79.000","1.20M","0.19%"
"10/01/2019","80.000","80.050","80.100","80.000","1.64M","-0.37%"
"09/30/2019","80.300","80.200","80.350","80.050","420.87K","-0.25%"
"09/27/2019","80.500","81.600","81.600","80.200","54.17K","-1.35%"
"09/26/2019","81.600","80.050","81.900","80.050","215.13K","1.94%"
"09/25/2019","80.050","81.000","81.100","80.050","155.71K","-1.17%"
"09/24/2019","81.000","80.600","81.250","80.600","466.20K","-0.25%"
"09/23/2019","81.200","81.400","81.400","81.000","299.59K","-0.25%"
"09/20/2019","81.400","83.100","83.100","81.200","91.15K","0.43%"
"09/19/2019","81.050","81.800","81.800","81.000","3.04K","-0.18%"
"09/18/2019","81.200","82.000","82.000","81.200","160.63K","-0.98%"
"09/17/2019","82.000","81.800","82.000","81.700","101.94K","0.00%"
"09/16/2019","82.000","82.500","82.500","81.800","195.16K","-0.61%"
"09/13/2019","82.500","82.700","83.000","82.200","50.50K","0.18%"
"09/12/2019","82.350","83.200","83.200","82.100","174.00K","-0.78%"
"09/11/2019","83.000","83.200","83.200","82.800","172.29K","-0.24%"
"09/10/2019","83.200","83.200","83.650","82.600","64.94K","0.00%"
"09/09/2019","83.200","83.500","84.000","83.150","21.32K","0.00%"
"09/06/2019","83.200","84.000","84.000","83.150","22.27K","-0.95%"
"09/05/2019","84.000","83.000","86.000","83.000","343.62K","1.33%"
"09/04/2019","82.900","82.200","83.000","82.050","170.06K","0.79%"
"09/03/2019","82.250","82.600","83.350","82.150","52.72K","-0.12%"
"09/02/2019","82.350","82.200","82.400","82.150","50.72K","0.24%"
"08/30/2019","82.150","83.000","84.400","82.150","175.23K","-1.02%"
"08/29/2019","83.000","83.250","84.400","82.900","41.39K","0.00%"
"08/28/2019","83.000","83.300","83.300","82.700","63.38K","-0.36%"
"08/27/2019","83.300","83.200","84.800","83.200","73.74K","0.06%"
"08/23/2019","83.250","84.300","84.300","83.200","101.40K","0.06%"
"08/22/2019","83.200","84.500","84.500","83.200","127.57K","-1.19%"
"08/20/2019","84.200","83.500","84.450","83.450","306.88K","1.20%"
"08/19/2019","83.200","83.500","83.500","83.000","68.04K","1.09%"
"08/16/2019","82.300","81.000","83.200","80.900","267.33K","2.11%"
"08/15/2019","80.600","81.150","82.350","80.600","324.17K","-0.68%"
"08/14/2019","81.150","81.500","82.400","81.100","182.95K","0.12%"
"08/13/2019","81.050","82.300","82.400","81.000","178.72K","-1.34%"
"08/09/2019","82.150","83.700","83.750","81.550","290.33K","-2.03%"
"08/08/2019","83.850","85.000","85.250","83.700","312.84K","-1.35%"
"08/07/2019","85.000","85.000","85.000","84.550","34.83K","0.00%"
"08/06/2019","85.000","85.000","85.000","83.300","301.35K","-0.12%"
"08/05/2019","85.100","85.950","85.950","85.050","162.00K","-0.99%"
"08/02/2019","85.950","86.100","86.100","85.200","190.84K","-0.12%"
"08/01/2019","86.050","86.550","86.550","86.000","77.29K","-0.58%"
"07/31/2019","86.550","86.850","86.850","86.000","251.13K","-0.35%"
"07/30/2019","86.850","87.200","87.500","86.850","352.73K","-0.40%"
"07/29/2019","87.200","87.050","87.850","87.000","66.93K","0.17%"
"07/26/2019","87.050","86.850","87.350","86.850","341.04K","0.12%"
"07/25/2019","86.950","89.050","89.050","85.200","557.78K","-2.41%"
"07/24/2019","89.100","89.100","89.150","89.100","94.36K","-0.06%"
"07/23/2019","89.150","90.500","90.900","89.150","238.52K","-1.49%"
"07/22/2019","90.500","89.350","90.500","89.350","161.06K","1.29%"
"07/19/2019","89.350","90.200","90.300","89.200","493.23K","-0.83%"
"07/18/2019","90.100","90.200","90.600","90.100","151.67K","-0.11%"
"07/17/2019","90.200","90.550","90.900","90.200","200.46K","0.00%"
"07/16/2019","90.200","91.400","91.400","90.200","288.84K","-1.31%"
"07/15/2019","91.400","90.000","92.500","90.000","725.13K","1.61%"
"07/12/2019","89.950","89.200","90.250","89.200","457.44K","0.84%"
"07/11/2019","89.200","90.050","91.100","89.050","348.62K","-0.78%"
"07/10/2019","89.900","91.500","91.500","89.000","486.84K","-1.75%"
"07/09/2019","91.500","91.700","93.000","88.800","386.13K","-0.22%"
"07/08/2019","91.700","91.450","94.200","91.450","493.40K","0.05%"
"07/05/2019","91.650","90.000","92.500","89.000","1.55M","3.97%"
"07/04/2019","88.150","86.000","90.000","86.000","860.90K","2.50%"
"07/03/2019","86.000","85.300","86.400","85.300","328.64K","1.06%"
"07/02/2019","85.100","83.250","86.000","83.250","340.69K","2.47%"
"07/01/2019","83.050","83.300","84.100","83.000","107.83K","0.06%"
"06/28/2019","83.000","83.000","84.000","82.800","172.51K","-0.12%"
"06/27/2019","83.100","83.900","84.100","82.000","1.03M","1.84%"
"06/26/2019","81.600","79.800","81.600","79.100","799.80K","2.32%"
"06/25/2019","79.750","78.750","79.750","78.250","134.37K","1.92%"
"06/24/2019","78.250","78.150","78.600","78.150","84.65K","-0.45%"
"06/21/2019","78.600","78.000","78.600","78.000","110.98K","0.77%"
"06/20/2019","78.000","76.750","78.600","76.700","106.76K","1.63%"
"06/19/2019","76.750","77.000","77.000","76.450","54.89K","0.33%"
"06/18/2019","76.500","76.550","76.550","76.400","43.63K","0.00%"
"06/17/2019","76.500","76.850","77.100","76.500","55.66K","-0.46%"
"06/14/2019","76.850","76.900","77.100","76.850","98.19K","-0.07%"
"06/13/2019","76.900","77.100","77.100","76.900","67.88K","-0.26%"
"06/11/2019","77.100","78.000","78.000","76.900","58.69K","0.26%"
"06/10/2019","76.900","76.900","77.000","76.900","80.53K","0.00%"
"06/07/2019","76.900","76.600","76.950","76.600","39.60K","0.39%"
"06/06/2019","76.600","77.000","77.350","76.500","52.87K","-0.52%"
"06/04/2019","77.000","77.550","78.100","77.000","37.98K","-0.65%"
"06/03/2019","77.500","78.000","78.500","77.250","85.02K","-0.64%"
"05/31/2019","78.000","78.750","78.750","78.000","37.10K","-0.95%"
"05/30/2019","78.750","78.350","79.200","77.200","83.35K","0.51%"
"05/29/2019","78.350","76.500","78.450","76.500","161.57K","2.49%"
"05/28/2019","76.450","76.400","77.000","76.400","155.07K","0.07%"
"05/27/2019","76.400","76.500","76.550","76.400","19.72K","-0.13%"
"05/24/2019","76.500","77.000","77.000","76.500","10.50K","0.00%"
"05/23/2019","76.500","77.000","77.000","76.500","14.44K","-0.65%"
"05/22/2019","77.000","76.500","77.300","76.500","197.61K","0.72%"
"05/21/2019","76.450","76.450","76.650","76.400","211.47K","0.00%"
"05/20/2019","76.450","76.500","76.600","76.450","41.31K","-0.13%"
"05/17/2019","76.550","76.500","77.300","76.250","430.41K","0.13%"
"05/16/2019","76.450","77.000","77.000","76.400","56.52K","-0.46%"
"05/15/2019","76.800","77.000","77.100","76.800","71.65K","-0.39%"
"05/14/2019","77.100","77.100","77.500","76.250","190.97K","0.13%"
"05/10/2019","77.000","76.600","77.200","76.600","54.52K","0.52%"
"05/09/2019","76.600","76.250","76.800","76.250","166.54K","0.20%"
"05/08/2019","76.450","76.800","76.800","76.000","49.34K","-0.46%"
"05/07/2019","76.800","76.550","76.950","76.550","414.03K","0.33%"
"05/06/2019","76.550","78.300","78.350","76.500","188.28K","-2.23%"
"05/03/2019","78.300","80.000","80.000","78.300","181.46K","-0.63%"
"05/02/2019","78.800","78.800","78.800","78.550","71.97K","0.00%"
"04/30/2019","78.800","78.800","79.900","78.600","48.93K","-0.25%"
"04/29/2019","79.000","78.300","79.100","78.300","246.30K","0.64%"
"04/26/2019","78.500","79.000","79.050","78.200","165.60K","-0.63%"
"04/25/2019","79.000","80.050","80.200","78.600","265.66K","-1.31%"
"04/24/2019","80.050","80.200","80.600","80.000","18.80K","-0.68%"
"04/23/2019","80.600","81.250","81.300","78.300","215.05K","-0.80%"
"04/22/2019","81.250","80.950","81.250","80.350","41.36K","1.12%"
"04/17/2019","80.350","80.100","81.050","80.000","68.40K","0.31%"
"04/16/2019","80.100","81.750","81.750","80.000","21.74K","-2.26%"
"04/15/2019","81.950","82.350","82.950","81.250","70.43K","-0.36%"
"04/12/2019","82.250","79.950","82.750","79.950","210.21K","3.13%"
"04/11/2019","79.750","79.800","79.800","79.500","22.97K","0.00%"
"04/10/2019","79.750","79.600","79.900","79.500","58.12K","0.19%"
"04/08/2019","79.600","79.400","79.900","79.350","34.24K","0.25%"
"04/05/2019","79.400","79.600","79.900","79.000","119.17K","-0.25%"
"04/04/2019","79.600","80.600","81.000","79.250","133.30K","-1.24%"
"04/03/2019","80.600","81.100","81.950","80.450","70.63K","0.19%"
"04/02/2019","80.450","79.000","81.100","79.000","541.13K","1.84%"
"04/01/2019","79.000","79.250","79.400","79.000","70.09K","-0.32%"
"03/29/2019","79.250","79.150","79.250","78.500","86.90K","0.13%"
"03/28/2019","79.150","79.800","79.800","78.000","165.15K","-0.81%"
"03/27/2019","79.800","79.600","80.000","79.500","391.47K","0.25%"
"03/26/2019","79.600","78.700","80.200","78.700","520.37K","1.14%"
"03/25/2019","78.700","80.000","80.200","78.500","243.19K","-0.88%"
"03/22/2019","79.400","79.300","79.900","79.000","406.16K","0.25%"
"03/21/2019","79.200","77.300","80.200","77.300","930.68K","3.53%"
"03/20/2019","76.500","76.000","78.600","76.000","332.20K","0.66%"
"03/19/2019","76.000","76.000","77.000","75.500","188.48K","0.66%"
"03/18/2019","75.500","74.100","76.500","74.100","373.03K","2.17%"
"03/15/2019","73.900","73.750","74.200","73.700","440.96K","0.27%"
"03/14/2019","73.700","74.200","74.200","73.700","56.51K","-0.14%"
"03/13/2019","73.800","73.700","74.000","73.700","66.85K","-0.14%"
"03/12/2019","73.900","73.700","73.900","73.700","66.84K","0.27%"
"03/11/2019","73.700","74.250","74.250","73.700","83.28K","-0.54%"
"03/08/2019","74.100","74.400","74.400","74.000","416.55K","-0.40%"
"03/07/2019","74.400","74.200","74.600","73.700","268.27K","0.54%"
"03/06/2019","74.000","76.000","76.000","74.000","8.40K","-0.47%"
"03/05/2019","74.350","73.400","74.700","73.300","37.14K","1.16%"
"03/04/2019","73.500","74.800","74.800","73.500","91.11K","-1.67%"
"03/01/2019","74.750","75.100","76.000","74.500","203.26K","0.00%"
"02/28/2019","74.750","74.700","75.100","74.700","212.33K","0.07%"
"02/27/2019","74.700","75.000","75.400","74.400","66.71K","-0.33%"
"02/26/2019","74.950","74.650","76.800","74.650","94.26K","0.47%"
"02/22/2019","74.600","72.850","79.000","72.850","768.24K","2.19%"
"02/21/2019","73.000","72.900","73.150","72.800","295.49K","0.48%"
"02/20/2019","72.650","73.100","73.200","72.650","269.24K","-0.48%"
"02/19/2019","73.000","73.500","74.000","72.750","26.37K","0.27%"
"02/18/2019","72.800","72.800","74.200","72.700","507.29K","0.00%"
"02/15/2019","72.800","72.850","73.500","72.750","92.55K","-0.07%"
"02/14/2019","72.850","73.000","73.000","72.800","250.68K","-0.07%"
"02/13/2019","72.900","73.800","73.800","72.900","294.60K","-0.41%"
"02/12/2019","73.200","73.000","73.900","72.950","29.76K","0.27%"
"02/11/2019","73.000","73.100","73.450","72.900","92.79K","0.00%"
"02/08/2019","73.000","73.500","73.500","72.900","129.61K","0.00%"
"02/07/2019","73.000","73.400","74.400","72.900","359.08K","-0.68%"
"02/06/2019","73.500","74.950","74.950","73.500","129.58K","-0.68%"
"02/04/2019","74.000","73.800","74.400","73.800","30.98K","0.27%"
"02/01/2019","73.800","74.500","74.500","73.000","56.16K","1.37%"
"01/31/2019","72.800","73.900","73.900","72.750","60.70K","-1.62%"
"01/30/2019","74.000","74.000","75.000","73.000","128.59K","0.00%"
"01/29/2019","74.000","74.200","74.200","74.000","34.69K","-0.13%"
"01/28/2019","74.100","75.000","76.000","74.100","47.05K","-0.47%"
"01/25/2019","74.450","75.000","75.500","74.400","30.55K","-0.73%"
"01/24/2019","75.000","75.050","76.000","74.000","35.38K","-0.66%"
"01/23/2019","75.500","75.900","76.350","74.000","148.92K","-0.53%"
"01/22/2019","75.900","75.950","77.300","75.900","413.88K","-0.07%"
"01/21/2019","75.950","73.950","76.150","73.400","298.12K","3.47%"
"01/18/2019","73.400","73.100","74.000","73.100","211.58K","0.41%"
"01/17/2019","73.100","73.400","74.550","72.750","554.58K","0.48%"
"01/16/2019","72.750","73.500","73.500","72.200","121.67K","-0.21%"
"01/15/2019","72.900","72.300","73.500","72.250","342.92K","0.83%"
"01/14/2019","72.300","71.000","72.400","70.800","91.00K","1.83%"
"01/11/2019","71.000","71.100","71.800","70.100","234.30K","-0.14%"
"01/10/2019","71.100","67.500","71.150","67.500","202.77K","5.33%"
"01/09/2019","67.500","67.500","67.650","67.200","20.08K","0.00%"
"01/08/2019","67.500","67.500","67.500","66.550","31.50K","0.00%"
"01/07/2019","67.500","66.050","68.450","66.050","60.29K","2.20%"
"01/04/2019","66.050","64.700","66.250","64.700","67.25K","2.09%"
"01/03/2019","64.700","64.400","65.000","64.400","45.31K","0.00%"
"01/02/2019","64.700","64.300","64.850","64.300","15.27K","-0.08%"